district,year,total_land_disputes,boundary_disputes,inheritance_disputes,tenancy_disputes,encroachment_disputes,title_disputes,other_disputes,resolved_cases,pending_cases,avg_resolution_months,data_source,notes
Ariyalur,2019,115,32,25,17,16,6,19,49,66,19.3,SYNTHETIC_PLACEHOLDER,"Demo dispute stats for Ariyalur, 2019. Replace with real NJDG + State Revenue Dept integration."
Ariyalur,2020,121,40,26,18,13,9,15,49,72,54.5,SYNTHETIC_PLACEHOLDER,"Demo dispute stats for Ariyalur, 2020. Replace with real NJDG + State Revenue Dept integration."
Ariyalur,2021,214,64,35,37,22,12,44,79,135,53.6,SYNTHETIC_PLACEHOLDER,"Demo dispute stats for Ariyalur, 2021. Replace with real NJDG + State Revenue Dept integration."
Ariyalur,2022,231,76,57,30,27,24,17,109,122,54.2,SYNTHETIC_PLACEHOLDER,"Demo dispute stats for Ariyalur, 2022. Replace with real NJDG + State Revenue Dept integration."
Ariyalur,2023,203,70,46,36,28,22,1,86,117,37.0,SYNTHETIC_PLACEHOLDER,"Demo dispute stats for Ariyalur, 2023. Replace with real NJDG + State Revenue Dept integration."
Ariyalur,2024,214,60,37,37,26,19,35,82,132,48.6,SYNTHETIC_PLACEHOLDER,"Demo dispute stats for Ariyalur, 2024. Replace with real NJDG + State Revenue Dept integration."
Chengalpattu,2019,699,246,120,88,93,37,115,359,340,51.8,SYNTHETIC_PLACEHOLDER,"Demo dispute stats for Chengalpattu, 2019. Replace with real NJDG + State Revenue Dept integration."
Chengalpattu,2020,795,303,144,121,85,90,52,351,444,29.1,SYNTHETIC_PLACEHOLDER,"Demo dispute stats for Chengalpattu, 2020. Replace with real NJDG + State Revenue Dept integration."
Chengalpattu,2021,804,252,167,103,120,47,115,360,444,49.7,SYNTHETIC_PLACEHOLDER,"Demo dispute stats for Chengalpattu, 2021. Replace with real NJDG + State Revenue Dept integration."
Chengalpattu,2022,1109,376,209,163,125,74,162,510,599,57.6,SYNTHETIC_PLACEHOLDER,"Demo dispute stats for Chengalpattu, 2022. Replace with real NJDG + State Revenue Dept integration."
Chengalpattu,2023,1017,371,187,125,92,51,191,502,515,48.2,SYNTHETIC_PLACEHOLDER,"Demo dispute stats for Chengalpattu, 2023. Replace with real NJDG + State Revenue Dept integration."
Chengalpattu,2024,1456,554,261,220,178,88,155,731,725,40.7,SYNTHETIC_PLACEHOLDER,"Demo dispute stats for Chengalpattu, 2024. Replace with real NJDG + State Revenue Dept integration."
Chennai,2019,4784,1546,771,617,712,509,629,1903,2881,28.1,SYNTHETIC_PLACEHOLDER,"Demo dispute stats for Chennai, 2019. Replace with real NJDG + State Revenue Dept integration."
Chennai,2020,3520,1396,715,387,444,409,169,1348,2172,40.2,SYNTHETIC_PLACEHOLDER,"Demo dispute stats for Chennai, 2020. Replace with real NJDG + State Revenue Dept integration."
Chennai,2021,4854,1732,921,746,515,548,392,2137,2717,28.4,SYNTHETIC_PLACEHOLDER,"Demo dispute stats for Chennai, 2021. Replace with real NJDG + State Revenue Dept integration."
Chennai,2022,2168,613,340,326,208,245,436,1131,1037,21.0,SYNTHETIC_PLACEHOLDER,"Demo dispute stats for Chennai, 2022. Replace with real NJDG + State Revenue Dept integration."
Chennai,2023,3214,1152,765,469,311,267,250,1386,1828,22.0,SYNTHETIC_PLACEHOLDER,"Demo dispute stats for Chennai, 2023. Replace with real NJDG + State Revenue Dept integration."
Chennai,2024,4160,1460,1033,448,450,306,463,2172,1988,28.4,SYNTHETIC_PLACEHOLDER,"Demo dispute stats for Chennai, 2024. Replace with real NJDG + State Revenue Dept integration."
Coimbatore,2019,999,319,237,105,136,109,93,369,630,45.4,SYNTHETIC_PLACEHOLDER,"Demo dispute stats for Coimbatore, 2019. Replace with real NJDG + State Revenue Dept integration."
Coimbatore,2020,1171,321,232,137,126,63,292,498,673,59.4,SYNTHETIC_PLACEHOLDER,"Demo dispute stats for Coimbatore, 2020. Replace with real NJDG + State Revenue Dept integration."
Coimbatore,2021,1216,431,271,197,153,102,62,471,745,27.1,SYNTHETIC_PLACEHOLDER,"Demo dispute stats for Coimbatore, 2021. Replace with real NJDG + State Revenue Dept integration."
Coimbatore,2022,930,240,193,130,129,56,182,504,426,21.4,SYNTHETIC_PLACEHOLDER,"Demo dispute stats for Coimbatore, 2022. Replace with real NJDG + State Revenue Dept integration."
Coimbatore,2023,1075,333,262,156,129,56,139,393,682,45.6,SYNTHETIC_PLACEHOLDER,"Demo dispute stats for Coimbatore, 2023. Replace with real NJDG + State Revenue Dept integration."
Coimbatore,2024,1342,383,254,206,135,96,268,671,671,21.0,SYNTHETIC_PLACEHOLDER,"Demo dispute stats for Coimbatore, 2024. Replace with real NJDG + State Revenue Dept integration."
Cuddalore,2019,614,160,105,74,89,68,118,322,292,33.5,SYNTHETIC_PLACEHOLDER,"Demo dispute stats for Cuddalore, 2019. Replace with real NJDG + State Revenue Dept integration."
Cuddalore,2020,482,164,119,73,38,51,37,197,285,45.9,SYNTHETIC_PLACEHOLDER,"Demo dispute stats for Cuddalore, 2020. Replace with real NJDG + State Revenue Dept integration."
Cuddalore,2021,860,329,192,96,85,55,103,359,501,46.9,SYNTHETIC_PLACEHOLDER,"Demo dispute stats for Cuddalore, 2021. Replace with real NJDG + State Revenue Dept integration."
Cuddalore,2022,844,325,198,90,92,58,81,295,549,50.4,SYNTHETIC_PLACEHOLDER,"Demo dispute stats for Cuddalore, 2022. Replace with real NJDG + State Revenue Dept integration."
Cuddalore,2023,729,242,140,73,62,81,131,386,343,40.9,SYNTHETIC_PLACEHOLDER,"Demo dispute stats for Cuddalore, 2023. Replace with real NJDG + State Revenue Dept integration."
Cuddalore,2024,845,265,130,109,122,99,120,302,543,33.0,SYNTHETIC_PLACEHOLDER,"Demo dispute stats for Cuddalore, 2024. Replace with real NJDG + State Revenue Dept integration."
Dharmapuri,2019,431,158,102,57,53,26,35,231,200,54.3,SYNTHETIC_PLACEHOLDER,"Demo dispute stats for Dharmapuri, 2019. Replace with real NJDG + State Revenue Dept integration."
Dharmapuri,2020,534,135,119,67,77,56,80,279,255,52.1,SYNTHETIC_PLACEHOLDER,"Demo dispute stats for Dharmapuri, 2020. Replace with real NJDG + State Revenue Dept integration."
Dharmapuri,2021,312,95,48,42,29,35,63,131,181,52.5,SYNTHETIC_PLACEHOLDER,"Demo dispute stats for Dharmapuri, 2021. Replace with real NJDG + State Revenue Dept integration."
Dharmapuri,2022,476,147,84,50,63,35,97,215,261,46.5,SYNTHETIC_PLACEHOLDER,"Demo dispute stats for Dharmapuri, 2022. Replace with real NJDG + State Revenue Dept integration."
Dharmapuri,2023,465,124,114,53,68,31,75,172,293,36.3,SYNTHETIC_PLACEHOLDER,"Demo dispute stats for Dharmapuri, 2023. Replace with real NJDG + State Revenue Dept integration."
Dharmapuri,2024,467,185,75,80,43,24,60,204,263,39.8,SYNTHETIC_PLACEHOLDER,"Demo dispute stats for Dharmapuri, 2024. Replace with real NJDG + State Revenue Dept integration."
Dindigul,2019,645,196,101,98,66,46,138,335,310,48.2,SYNTHETIC_PLACEHOLDER,"Demo dispute stats for Dindigul, 2019. Replace with real NJDG + State Revenue Dept integration."
Dindigul,2020,448,133,98,64,41,43,69,190,258,49.4,SYNTHETIC_PLACEHOLDER,"Demo dispute stats for Dindigul, 2020. Replace with real NJDG + State Revenue Dept integration."
Dindigul,2021,405,134,60,49,44,36,82,194,211,37.5,SYNTHETIC_PLACEHOLDER,"Demo dispute stats for Dindigul, 2021. Replace with real NJDG + State Revenue Dept integration."
Dindigul,2022,507,187,124,80,63,35,18,244,263,44.0,SYNTHETIC_PLACEHOLDER,"Demo dispute stats for Dindigul, 2022. Replace with real NJDG + State Revenue Dept integration."
Dindigul,2023,405,142,69,46,33,27,88,180,225,53.7,SYNTHETIC_PLACEHOLDER,"Demo dispute stats for Dindigul, 2023. Replace with real NJDG + State Revenue Dept integration."
Dindigul,2024,381,128,84,49,41,22,57,185,196,55.5,SYNTHETIC_PLACEHOLDER,"Demo dispute stats for Dindigul, 2024. Replace with real NJDG + State Revenue Dept integration."
Erode,2019,715,202,164,111,80,63,95,381,334,23.1,SYNTHETIC_PLACEHOLDER,"Demo dispute stats for Erode, 2019. Replace with real NJDG + State Revenue Dept integration."
Erode,2020,405,161,84,71,57,37,0,200,205,39.2,SYNTHETIC_PLACEHOLDER,"Demo dispute stats for Erode, 2020. Replace with real NJDG + State Revenue Dept integration."
Erode,2021,696,251,137,84,67,65,92,350,346,39.9,SYNTHETIC_PLACEHOLDER,"Demo dispute stats for Erode, 2021. Replace with real NJDG + State Revenue Dept integration."
Erode,2022,590,210,102,74,84,32,88,224,366,34.1,SYNTHETIC_PLACEHOLDER,"Demo dispute stats for Erode, 2022. Replace with real NJDG + State Revenue Dept integration."
Erode,2023,400,124,81,53,37,31,74,212,188,42.5,SYNTHETIC_PLACEHOLDER,"Demo dispute stats for Erode, 2023. Replace with real NJDG + State Revenue Dept integration."
Erode,2024,712,218,107,91,94,78,124,384,328,35.6,SYNTHETIC_PLACEHOLDER,"Demo dispute stats for Erode, 2024. Replace with real NJDG + State Revenue Dept integration."
Kallakurichi,2019,437,168,86,53,49,33,48,211,226,51.5,SYNTHETIC_PLACEHOLDER,"Demo dispute stats for Kallakurichi, 2019. Replace with real NJDG + State Revenue Dept integration."
Kallakurichi,2020,411,163,83,70,49,39,7,150,261,36.0,SYNTHETIC_PLACEHOLDER,"Demo dispute stats for Kallakurichi, 2020. Replace with real NJDG + State Revenue Dept integration."
Kallakurichi,2021,445,136,76,56,59,34,84,222,223,52.9,SYNTHETIC_PLACEHOLDER,"Demo dispute stats for Kallakurichi, 2021. Replace with real NJDG + State Revenue Dept integration."
Kallakurichi,2022,250,90,38,44,23,13,42,135,115,19.7,SYNTHETIC_PLACEHOLDER,"Demo dispute stats for Kallakurichi, 2022. Replace with real NJDG + State Revenue Dept integration."
Kallakurichi,2023,198,67,34,27,17,23,30,87,111,28.8,SYNTHETIC_PLACEHOLDER,"Demo dispute stats for Kallakurichi, 2023. Replace with real NJDG + State Revenue Dept integration."
Kallakurichi,2024,335,122,55,41,40,38,39,155,180,56.1,SYNTHETIC_PLACEHOLDER,"Demo dispute stats for Kallakurichi, 2024. Replace with real NJDG + State Revenue Dept integration."
Kanchipuram,2019,622,162,136,93,54,64,113,323,299,43.2,SYNTHETIC_PLACEHOLDER,"Demo dispute stats for Kanchipuram, 2019. Replace with real NJDG + State Revenue Dept integration."
Kanchipuram,2020,483,145,93,62,55,35,93,251,232,52.5,SYNTHETIC_PLACEHOLDER,"Demo dispute stats for Kanchipuram, 2020. Replace with real NJDG + State Revenue Dept integration."
Kanchipuram,2021,527,202,103,59,48,45,70,253,274,43.9,SYNTHETIC_PLACEHOLDER,"Demo dispute stats for Kanchipuram, 2021. Replace with real NJDG + State Revenue Dept integration."
Kanchipuram,2022,974,307,217,118,135,105,92,357,617,55.0,SYNTHETIC_PLACEHOLDER,"Demo dispute stats for Kanchipuram, 2022. Replace with real NJDG + State Revenue Dept integration."
Kanchipuram,2023,592,207,108,82,60,49,86,249,343,28.9,SYNTHETIC_PLACEHOLDER,"Demo dispute stats for Kanchipuram, 2023. Replace with real NJDG + State Revenue Dept integration."
Kanchipuram,2024,607,202,122,69,58,47,109,279,328,28.1,SYNTHETIC_PLACEHOLDER,"Demo dispute stats for Kanchipuram, 2024. Replace with real NJDG + State Revenue Dept integration."
Kanyakumari,2019,449,165,71,52,57,32,72,209,240,37.9,SYNTHETIC_PLACEHOLDER,"Demo dispute stats for Kanyakumari, 2019. Replace with real NJDG + State Revenue Dept integration."
Kanyakumari,2020,479,143,105,58,46,27,100,186,293,23.0,SYNTHETIC_PLACEHOLDER,"Demo dispute stats for Kanyakumari, 2020. Replace with real NJDG + State Revenue Dept integration."
Kanyakumari,2021,473,131,105,57,57,48,75,222,251,59.2,SYNTHETIC_PLACEHOLDER,"Demo dispute stats for Kanyakumari, 2021. Replace with real NJDG + State Revenue Dept integration."
Kanyakumari,2022,574,158,86,81,56,67,126,264,310,47.3,SYNTHETIC_PLACEHOLDER,"Demo dispute stats for Kanyakumari, 2022. Replace with real NJDG + State Revenue Dept integration."
Kanyakumari,2023,375,99,56,46,42,27,105,203,172,28.6,SYNTHETIC_PLACEHOLDER,"Demo dispute stats for Kanyakumari, 2023. Replace with real NJDG + State Revenue Dept integration."
Kanyakumari,2024,550,170,86,82,46,33,133,254,296,30.8,SYNTHETIC_PLACEHOLDER,"Demo dispute stats for Kanyakumari, 2024. Replace with real NJDG + State Revenue Dept integration."
Karur,2019,354,120,81,41,41,28,43,155,199,54.1,SYNTHETIC_PLACEHOLDER,"Demo dispute stats for Karur, 2019. Replace with real NJDG + State Revenue Dept integration."
Karur,2020,368,95,90,39,49,34,61,148,220,21.4,SYNTHETIC_PLACEHOLDER,"Demo dispute stats for Karur, 2020. Replace with real NJDG + State Revenue Dept integration."
Karur,2021,199,49,38,29,19,13,51,97,102,47.5,SYNTHETIC_PLACEHOLDER,"Demo dispute stats for Karur, 2021. Replace with real NJDG + State Revenue Dept integration."
Karur,2022,262,96,55,40,38,20,13,120,142,45.2,SYNTHETIC_PLACEHOLDER,"Demo dispute stats for Karur, 2022. Replace with real NJDG + State Revenue Dept integration."
Karur,2023,361,93,82,53,49,41,43,158,203,37.7,SYNTHETIC_PLACEHOLDER,"Demo dispute stats for Karur, 2023. Replace with real NJDG + State Revenue Dept integration."
Karur,2024,222,72,44,23,18,17,48,92,130,28.5,SYNTHETIC_PLACEHOLDER,"Demo dispute stats for Karur, 2024. Replace with real NJDG + State Revenue Dept integration."
Krishnagiri,2019,318,107,48,51,43,28,41,159,159,25.4,SYNTHETIC_PLACEHOLDER,"Demo dispute stats for Krishnagiri, 2019. Replace with real NJDG + State Revenue Dept integration."
Krishnagiri,2020,456,126,95,68,52,25,90,191,265,32.0,SYNTHETIC_PLACEHOLDER,"Demo dispute stats for Krishnagiri, 2020. Replace with real NJDG + State Revenue Dept integration."
Krishnagiri,2021,536,167,106,82,57,55,69,191,345,21.7,SYNTHETIC_PLACEHOLDER,"Demo dispute stats for Krishnagiri, 2021. Replace with real NJDG + State Revenue Dept integration."
Krishnagiri,2022,356,135,82,35,50,29,25,128,228,39.8,SYNTHETIC_PLACEHOLDER,"Demo dispute stats for Krishnagiri, 2022. Replace with real NJDG + State Revenue Dept integration."
Krishnagiri,2023,521,189,88,74,75,42,53,255,266,23.1,SYNTHETIC_PLACEHOLDER,"Demo dispute stats for Krishnagiri, 2023. Replace with real NJDG + State Revenue Dept integration."
Krishnagiri,2024,650,231,117,65,70,42,125,336,314,22.8,SYNTHETIC_PLACEHOLDER,"Demo dispute stats for Krishnagiri, 2024. Replace with real NJDG + State Revenue Dept integration."
Madurai,2019,1651,538,292,275,245,110,191,759,892,34.1,SYNTHETIC_PLACEHOLDER,"Demo dispute stats for Madurai, 2019. Replace with real NJDG + State Revenue Dept integration."
Madurai,2020,1554,452,355,206,225,132,184,798,756,29.9,SYNTHETIC_PLACEHOLDER,"Demo dispute stats for Madurai, 2020. Replace with real NJDG + State Revenue Dept integration."
Madurai,2021,1042,395,202,144,107,107,87,443,599,57.2,SYNTHETIC_PLACEHOLDER,"Demo dispute stats for Madurai, 2021. Replace with real NJDG + State Revenue Dept integration."
Madurai,2022,1741,496,396,180,230,172,267,891,850,34.2,SYNTHETIC_PLACEHOLDER,"Demo dispute stats for Madurai, 2022. Replace with real NJDG + State Revenue Dept integration."
Madurai,2023,1519,599,247,269,156,86,162,788,731,22.2,SYNTHETIC_PLACEHOLDER,"Demo dispute stats for Madurai, 2023. Replace with real NJDG + State Revenue Dept integration."
Madurai,2024,1280,334,292,155,158,99,242,468,812,31.8,SYNTHETIC_PLACEHOLDER,"Demo dispute stats for Madurai, 2024. Replace with real NJDG + State Revenue Dept integration."
Mayiladuthurai,2019,284,97,67,39,33,26,22,112,172,46.7,SYNTHETIC_PLACEHOLDER,"Demo dispute stats for Mayiladuthurai, 2019. Replace with real NJDG + State Revenue Dept integration."
Mayiladuthurai,2020,191,60,30,28,26,15,32,93,98,55.9,SYNTHETIC_PLACEHOLDER,"Demo dispute stats for Mayiladuthurai, 2020. Replace with real NJDG + State Revenue Dept integration."
Mayiladuthurai,2021,178,54,34,21,19,17,33,68,110,25.4,SYNTHETIC_PLACEHOLDER,"Demo dispute stats for Mayiladuthurai, 2021. Replace with real NJDG + State Revenue Dept integration."
Mayiladuthurai,2022,273,88,56,32,34,22,41,131,142,55.8,SYNTHETIC_PLACEHOLDER,"Demo dispute stats for Mayiladuthurai, 2022. Replace with real NJDG + State Revenue Dept integration."
Mayiladuthurai,2023,260,71,50,33,31,24,51,113,147,28.5,SYNTHETIC_PLACEHOLDER,"Demo dispute stats for Mayiladuthurai, 2023. Replace with real NJDG + State Revenue Dept integration."
Mayiladuthurai,2024,317,119,50,41,33,22,52,155,162,18.9,SYNTHETIC_PLACEHOLDER,"Demo dispute stats for Mayiladuthurai, 2024. Replace with real NJDG + State Revenue Dept integration."
Nagapattinam,2019,485,162,106,77,40,44,56,217,268,56.0,SYNTHETIC_PLACEHOLDER,"Demo dispute stats for Nagapattinam, 2019. Replace with real NJDG + State Revenue Dept integration."
Nagapattinam,2020,359,132,61,41,35,36,54,180,179,46.6,SYNTHETIC_PLACEHOLDER,"Demo dispute stats for Nagapattinam, 2020. Replace with real NJDG + State Revenue Dept integration."
Nagapattinam,2021,296,102,53,40,35,29,37,108,188,30.4,SYNTHETIC_PLACEHOLDER,"Demo dispute stats for Nagapattinam, 2021. Replace with real NJDG + State Revenue Dept integration."
Nagapattinam,2022,462,170,109,59,53,31,40,176,286,56.4,SYNTHETIC_PLACEHOLDER,"Demo dispute stats for Nagapattinam, 2022. Replace with real NJDG + State Revenue Dept integration."
Nagapattinam,2023,597,216,109,65,87,35,85,324,273,54.1,SYNTHETIC_PLACEHOLDER,"Demo dispute stats for Nagapattinam, 2023. Replace with real NJDG + State Revenue Dept integration."
Nagapattinam,2024,558,170,127,56,65,45,95,270,288,46.2,SYNTHETIC_PLACEHOLDER,"Demo dispute stats for Nagapattinam, 2024. Replace with real NJDG + State Revenue Dept integration."
Namakkal,2019,456,121,79,46,64,40,106,243,213,27.3,SYNTHETIC_PLACEHOLDER,"Demo dispute stats for Namakkal, 2019. Replace with real NJDG + State Revenue Dept integration."
Namakkal,2020,286,99,46,29,23,34,55,106,180,27.9,SYNTHETIC_PLACEHOLDER,"Demo dispute stats for Namakkal, 2020. Replace with real NJDG + State Revenue Dept integration."
Namakkal,2021,445,156,99,78,48,45,19,169,276,35.4,SYNTHETIC_PLACEHOLDER,"Demo dispute stats for Namakkal, 2021. Replace with real NJDG + State Revenue Dept integration."
Namakkal,2022,308,120,54,47,29,24,34,122,186,33.2,SYNTHETIC_PLACEHOLDER,"Demo dispute stats for Namakkal, 2022. Replace with real NJDG + State Revenue Dept integration."
Namakkal,2023,599,155,106,106,87,64,81,220,379,26.9,SYNTHETIC_PLACEHOLDER,"Demo dispute stats for Namakkal, 2023. Replace with real NJDG + State Revenue Dept integration."
Namakkal,2024,527,193,91,58,62,28,95,265,262,26.7,SYNTHETIC_PLACEHOLDER,"Demo dispute stats for Namakkal, 2024. Replace with real NJDG + State Revenue Dept integration."
Nilgiris,2019,136,49,31,20,13,16,7,74,62,40.7,SYNTHETIC_PLACEHOLDER,"Demo dispute stats for Nilgiris, 2019. Replace with real NJDG + State Revenue Dept integration."
Nilgiris,2020,194,52,36,31,23,9,43,78,116,23.3,SYNTHETIC_PLACEHOLDER,"Demo dispute stats for Nilgiris, 2020. Replace with real NJDG + State Revenue Dept integration."
Nilgiris,2021,141,45,32,19,12,12,21,76,65,19.8,SYNTHETIC_PLACEHOLDER,"Demo dispute stats for Nilgiris, 2021. Replace with real NJDG + State Revenue Dept integration."
Nilgiris,2022,264,77,56,27,39,28,37,114,150,22.5,SYNTHETIC_PLACEHOLDER,"Demo dispute stats for Nilgiris, 2022. Replace with real NJDG + State Revenue Dept integration."
Nilgiris,2023,204,60,33,22,25,18,46,100,104,34.0,SYNTHETIC_PLACEHOLDER,"Demo dispute stats for Nilgiris, 2023. Replace with real NJDG + State Revenue Dept integration."
Nilgiris,2024,204,69,32,31,28,19,25,102,102,48.3,SYNTHETIC_PLACEHOLDER,"Demo dispute stats for Nilgiris, 2024. Replace with real NJDG + State Revenue Dept integration."
Perambalur,2019,90,28,20,11,11,6,14,37,53,28.7,SYNTHETIC_PLACEHOLDER,"Demo dispute stats for Perambalur, 2019. Replace with real NJDG + State Revenue Dept integration."
Perambalur,2020,188,48,43,20,16,19,42,96,92,41.4,SYNTHETIC_PLACEHOLDER,"Demo dispute stats for Perambalur, 2020. Replace with real NJDG + State Revenue Dept integration."
Perambalur,2021,146,51,27,24,21,11,12,77,69,20.2,SYNTHETIC_PLACEHOLDER,"Demo dispute stats for Perambalur, 2021. Replace with real NJDG + State Revenue Dept integration."
Perambalur,2022,92,30,15,14,8,5,20,47,45,33.4,SYNTHETIC_PLACEHOLDER,"Demo dispute stats for Perambalur, 2022. Replace with real NJDG + State Revenue Dept integration."
Perambalur,2023,183,68,45,30,22,17,1,65,118,57.0,SYNTHETIC_PLACEHOLDER,"Demo dispute stats for Perambalur, 2023. Replace with real NJDG + State Revenue Dept integration."
Perambalur,2024,149,43,33,25,15,9,24,56,93,45.6,SYNTHETIC_PLACEHOLDER,"Demo dispute stats for Perambalur, 2024. Replace with real NJDG + State Revenue Dept integration."
Pudukkottai,2019,243,64,49,31,27,14,58,100,143,31.6,SYNTHETIC_PLACEHOLDER,"Demo dispute stats for Pudukkottai, 2019. Replace with real NJDG + State Revenue Dept integration."
Pudukkottai,2020,530,144,119,55,45,42,125,230,300,43.5,SYNTHETIC_PLACEHOLDER,"Demo dispute stats for Pudukkottai, 2020. Replace with real NJDG + State Revenue Dept integration."
Pudukkottai,2021,382,102,73,46,48,32,81,184,198,19.9,SYNTHETIC_PLACEHOLDER,"Demo dispute stats for Pudukkottai, 2021. Replace with real NJDG + State Revenue Dept integration."
Pudukkottai,2022,366,102,89,59,48,25,43,136,230,38.9,SYNTHETIC_PLACEHOLDER,"Demo dispute stats for Pudukkottai, 2022. Replace with real NJDG + State Revenue Dept integration."
Pudukkottai,2023,381,135,76,63,51,20,36,199,182,19.8,SYNTHETIC_PLACEHOLDER,"Demo dispute stats for Pudukkottai, 2023. Replace with real NJDG + State Revenue Dept integration."
Pudukkottai,2024,312,104,64,48,34,18,44,110,202,31.6,SYNTHETIC_PLACEHOLDER,"Demo dispute stats for Pudukkottai, 2024. Replace with real NJDG + State Revenue Dept integration."
Ramanathapuram,2019,406,106,95,48,49,35,73,174,232,31.0,SYNTHETIC_PLACEHOLDER,"Demo dispute stats for Ramanathapuram, 2019. Replace with real NJDG + State Revenue Dept integration."
Ramanathapuram,2020,274,71,58,39,25,28,53,115,159,58.2,SYNTHETIC_PLACEHOLDER,"Demo dispute stats for Ramanathapuram, 2020. Replace with real NJDG + State Revenue Dept integration."
Ramanathapuram,2021,343,93,58,50,45,32,65,132,211,50.5,SYNTHETIC_PLACEHOLDER,"Demo dispute stats for Ramanathapuram, 2021. Replace with real NJDG + State Revenue Dept integration."
Ramanathapuram,2022,370,117,89,53,46,34,31,193,177,44.3,SYNTHETIC_PLACEHOLDER,"Demo dispute stats for Ramanathapuram, 2022. Replace with real NJDG + State Revenue Dept integration."
Ramanathapuram,2023,227,78,52,33,23,12,29,100,127,19.6,SYNTHETIC_PLACEHOLDER,"Demo dispute stats for Ramanathapuram, 2023. Replace with real NJDG + State Revenue Dept integration."
Ramanathapuram,2024,278,95,55,38,33,29,28,147,131,36.9,SYNTHETIC_PLACEHOLDER,"Demo dispute stats for Ramanathapuram, 2024. Replace with real NJDG + State Revenue Dept integration."
Ranipet,2019,374,127,74,66,41,39,27,193,181,59.3,SYNTHETIC_PLACEHOLDER,"Demo dispute stats for Ranipet, 2019. Replace with real NJDG + State Revenue Dept integration."
Ranipet,2020,189,54,36,25,22,11,41,80,109,29.9,SYNTHETIC_PLACEHOLDER,"Demo dispute stats for Ranipet, 2020. Replace with real NJDG + State Revenue Dept integration."
Ranipet,2021,299,77,63,37,30,26,66,127,172,28.6,SYNTHETIC_PLACEHOLDER,"Demo dispute stats for Ranipet, 2021. Replace with real NJDG + State Revenue Dept integration."
Ranipet,2022,444,169,81,65,39,33,57,241,203,47.3,SYNTHETIC_PLACEHOLDER,"Demo dispute stats for Ranipet, 2022. Replace with real NJDG + State Revenue Dept integration."
Ranipet,2023,286,84,53,46,39,27,37,147,139,49.0,SYNTHETIC_PLACEHOLDER,"Demo dispute stats for Ranipet, 2023. Replace with real NJDG + State Revenue Dept integration."
Ranipet,2024,378,123,57,47,55,27,69,190,188,26.1,SYNTHETIC_PLACEHOLDER,"Demo dispute stats for Ranipet, 2024. Replace with real NJDG + State Revenue Dept integration."
Salem,2019,1672,545,341,266,195,161,164,878,794,44.0,SYNTHETIC_PLACEHOLDER,"Demo dispute stats for Salem, 2019. Replace with real NJDG + State Revenue Dept integration."
Salem,2020,1315,488,219,177,143,128,160,522,793,36.7,SYNTHETIC_PLACEHOLDER,"Demo dispute stats for Salem, 2020. Replace with real NJDG + State Revenue Dept integration."
Salem,2021,1233,352,304,200,176,78,123,598,635,42.0,SYNTHETIC_PLACEHOLDER,"Demo dispute stats for Salem, 2021. Replace with real NJDG + State Revenue Dept integration."
Salem,2022,1446,475,356,239,196,86,94,578,868,44.9,SYNTHETIC_PLACEHOLDER,"Demo dispute stats for Salem, 2022. Replace with real NJDG + State Revenue Dept integration."
Salem,2023,1792,676,319,288,177,203,129,680,1112,36.4,SYNTHETIC_PLACEHOLDER,"Demo dispute stats for Salem, 2023. Replace with real NJDG + State Revenue Dept integration."
Salem,2024,1696,660,324,223,180,130,179,621,1075,27.4,SYNTHETIC_PLACEHOLDER,"Demo dispute stats for Salem, 2024. Replace with real NJDG + State Revenue Dept integration."
Sivaganga,2019,278,102,45,34,38,27,32,105,173,47.6,SYNTHETIC_PLACEHOLDER,"Demo dispute stats for Sivaganga, 2019. Replace with real NJDG + State Revenue Dept integration."
Sivaganga,2020,291,73,49,32,42,26,69,126,165,50.6,SYNTHETIC_PLACEHOLDER,"Demo dispute stats for Sivaganga, 2020. Replace with real NJDG + State Revenue Dept integration."
Sivaganga,2021,245,76,56,33,21,27,32,114,131,18.7,SYNTHETIC_PLACEHOLDER,"Demo dispute stats for Sivaganga, 2021. Replace with real NJDG + State Revenue Dept integration."
Sivaganga,2022,316,92,47,40,37,19,81,152,164,40.0,SYNTHETIC_PLACEHOLDER,"Demo dispute stats for Sivaganga, 2022. Replace with real NJDG + State Revenue Dept integration."
Sivaganga,2023,358,116,89,51,38,29,35,170,188,59.2,SYNTHETIC_PLACEHOLDER,"Demo dispute stats for Sivaganga, 2023. Replace with real NJDG + State Revenue Dept integration."
Sivaganga,2024,220,66,49,33,29,22,21,91,129,19.9,SYNTHETIC_PLACEHOLDER,"Demo dispute stats for Sivaganga, 2024. Replace with real NJDG + State Revenue Dept integration."
Tenkasi,2019,353,132,77,62,40,22,20,133,220,48.1,SYNTHETIC_PLACEHOLDER,"Demo dispute stats for Tenkasi, 2019. Replace with real NJDG + State Revenue Dept integration."
Tenkasi,2020,461,118,78,47,66,39,113,252,209,40.8,SYNTHETIC_PLACEHOLDER,"Demo dispute stats for Tenkasi, 2020. Replace with real NJDG + State Revenue Dept integration."
Tenkasi,2021,292,85,68,30,36,20,53,148,144,36.4,SYNTHETIC_PLACEHOLDER,"Demo dispute stats for Tenkasi, 2021. Replace with real NJDG + State Revenue Dept integration."
Tenkasi,2022,337,101,56,52,35,35,58,135,202,21.5,SYNTHETIC_PLACEHOLDER,"Demo dispute stats for Tenkasi, 2022. Replace with real NJDG + State Revenue Dept integration."
Tenkasi,2023,333,110,60,35,42,23,63,156,177,35.9,SYNTHETIC_PLACEHOLDER,"Demo dispute stats for Tenkasi, 2023. Replace with real NJDG + State Revenue Dept integration."
Tenkasi,2024,395,141,95,58,43,37,21,200,195,20.4,SYNTHETIC_PLACEHOLDER,"Demo dispute stats for Tenkasi, 2024. Replace with real NJDG + State Revenue Dept integration."
Thanjavur,2019,694,256,151,122,62,64,39,351,343,19.5,SYNTHETIC_PLACEHOLDER,"Demo dispute stats for Thanjavur, 2019. Replace with real NJDG + State Revenue Dept integration."
Thanjavur,2020,405,123,99,41,36,33,73,171,234,36.6,SYNTHETIC_PLACEHOLDER,"Demo dispute stats for Thanjavur, 2020. Replace with real NJDG + State Revenue Dept integration."
Thanjavur,2021,394,122,84,47,34,39,68,177,217,34.3,SYNTHETIC_PLACEHOLDER,"Demo dispute stats for Thanjavur, 2021. Replace with real NJDG + State Revenue Dept integration."
Thanjavur,2022,625,222,107,93,80,74,49,243,382,23.7,SYNTHETIC_PLACEHOLDER,"Demo dispute stats for Thanjavur, 2022. Replace with real NJDG + State Revenue Dept integration."
Thanjavur,2023,396,158,91,70,59,38,0,194,202,41.1,SYNTHETIC_PLACEHOLDER,"Demo dispute stats for Thanjavur, 2023. Replace with real NJDG + State Revenue Dept integration."
Thanjavur,2024,493,175,119,74,66,42,17,184,309,26.4,SYNTHETIC_PLACEHOLDER,"Demo dispute stats for Thanjavur, 2024. Replace with real NJDG + State Revenue Dept integration."
Theni,2019,194,59,40,26,28,11,30,102,92,20.8,SYNTHETIC_PLACEHOLDER,"Demo dispute stats for Theni, 2019. Replace with real NJDG + State Revenue Dept integration."
Theni,2020,294,96,66,48,25,34,25,140,154,36.9,SYNTHETIC_PLACEHOLDER,"Demo dispute stats for Theni, 2020. Replace with real NJDG + State Revenue Dept integration."
Theni,2021,361,124,60,64,39,41,33,130,231,23.2,SYNTHETIC_PLACEHOLDER,"Demo dispute stats for Theni, 2021. Replace with real NJDG + State Revenue Dept integration."
Theni,2022,210,81,36,36,24,14,19,76,134,26.2,SYNTHETIC_PLACEHOLDER,"Demo dispute stats for Theni, 2022. Replace with real NJDG + State Revenue Dept integration."
Theni,2023,430,127,87,60,39,49,68,163,267,45.7,SYNTHETIC_PLACEHOLDER,"Demo dispute stats for Theni, 2023. Replace with real NJDG + State Revenue Dept integration."
Theni,2024,403,103,95,42,58,41,64,162,241,26.9,SYNTHETIC_PLACEHOLDER,"Demo dispute stats for Theni, 2024. Replace with real NJDG + State Revenue Dept integration."
Thoothukudi,2019,430,139,91,52,63,36,49,219,211,46.8,SYNTHETIC_PLACEHOLDER,"Demo dispute stats for Thoothukudi, 2019. Replace with real NJDG + State Revenue Dept integration."
Thoothukudi,2020,335,91,64,45,34,20,81,174,161,31.4,SYNTHETIC_PLACEHOLDER,"Demo dispute stats for Thoothukudi, 2020. Replace with real NJDG + State Revenue Dept integration."
Thoothukudi,2021,598,161,111,86,61,49,130,241,357,28.4,SYNTHETIC_PLACEHOLDER,"Demo dispute stats for Thoothukudi, 2021. Replace with real NJDG + State Revenue Dept integration."
Thoothukudi,2022,293,111,56,51,41,31,3,157,136,48.3,SYNTHETIC_PLACEHOLDER,"Demo dispute stats for Thoothukudi, 2022. Replace with real NJDG + State Revenue Dept integration."
Thoothukudi,2023,323,103,76,45,27,25,47,142,181,28.1,SYNTHETIC_PLACEHOLDER,"Demo dispute stats for Thoothukudi, 2023. Replace with real NJDG + State Revenue Dept integration."
Thoothukudi,2024,430,139,102,65,48,37,39,223,207,36.1,SYNTHETIC_PLACEHOLDER,"Demo dispute stats for Thoothukudi, 2024. Replace with real NJDG + State Revenue Dept integration."
Tiruchirappalli,2019,1468,376,227,212,154,103,396,627,841,36.9,SYNTHETIC_PLACEHOLDER,"Demo dispute stats for Tiruchirappalli, 2019. Replace with real NJDG + State Revenue Dept integration."
Tiruchirappalli,2020,1226,328,303,161,166,90,178,659,567,49.7,SYNTHETIC_PLACEHOLDER,"Demo dispute stats for Tiruchirappalli, 2020. Replace with real NJDG + State Revenue Dept integration."
Tiruchirappalli,2021,787,201,174,129,91,47,145,416,371,23.9,SYNTHETIC_PLACEHOLDER,"Demo dispute stats for Tiruchirappalli, 2021. Replace with real NJDG + State Revenue Dept integration."
Tiruchirappalli,2022,1350,487,242,171,186,117,147,663,687,30.6,SYNTHETIC_PLACEHOLDER,"Demo dispute stats for Tiruchirappalli, 2022. Replace with real NJDG + State Revenue Dept integration."
Tiruchirappalli,2023,1293,436,296,204,165,67,125,575,718,58.6,SYNTHETIC_PLACEHOLDER,"Demo dispute stats for Tiruchirappalli, 2023. Replace with real NJDG + State Revenue Dept integration."
Tiruchirappalli,2024,1411,476,235,212,174,153,161,535,876,46.6,SYNTHETIC_PLACEHOLDER,"Demo dispute stats for Tiruchirappalli, 2024. Replace with real NJDG + State Revenue Dept integration."
Tirunelveli,2019,237,66,46,31,25,15,54,106,131,43.7,SYNTHETIC_PLACEHOLDER,"Demo dispute stats for Tirunelveli, 2019. Replace with real NJDG + State Revenue Dept integration."
Tirunelveli,2020,384,136,77,55,57,32,27,163,221,58.2,SYNTHETIC_PLACEHOLDER,"Demo dispute stats for Tirunelveli, 2020. Replace with real NJDG + State Revenue Dept integration."
Tirunelveli,2021,412,124,93,64,51,40,40,194,218,26.1,SYNTHETIC_PLACEHOLDER,"Demo dispute stats for Tirunelveli, 2021. Replace with real NJDG + State Revenue Dept integration."
Tirunelveli,2022,330,129,81,53,42,32,0,147,183,38.2,SYNTHETIC_PLACEHOLDER,"Demo dispute stats for Tirunelveli, 2022. Replace with real NJDG + State Revenue Dept integration."
Tirunelveli,2023,470,137,97,67,67,36,66,196,274,50.5,SYNTHETIC_PLACEHOLDER,"Demo dispute stats for Tirunelveli, 2023. Replace with real NJDG + State Revenue Dept integration."
Tirunelveli,2024,250,75,48,30,28,16,53,114,136,57.2,SYNTHETIC_PLACEHOLDER,"Demo dispute stats for Tirunelveli, 2024. Replace with real NJDG + State Revenue Dept integration."
Tirupathur,2019,337,121,58,35,48,22,53,133,204,22.2,SYNTHETIC_PLACEHOLDER,"Demo dispute stats for Tirupathur, 2019. Replace with real NJDG + State Revenue Dept integration."
Tirupathur,2020,229,57,46,39,24,26,37,120,109,38.1,SYNTHETIC_PLACEHOLDER,"Demo dispute stats for Tirupathur, 2020. Replace with real NJDG + State Revenue Dept integration."
Tirupathur,2021,236,69,36,38,29,15,49,117,119,53.7,SYNTHETIC_PLACEHOLDER,"Demo dispute stats for Tirupathur, 2021. Replace with real NJDG + State Revenue Dept integration."
Tirupathur,2022,219,83,36,38,32,17,13,98,121,57.3,SYNTHETIC_PLACEHOLDER,"Demo dispute stats for Tirupathur, 2022. Replace with real NJDG + State Revenue Dept integration."
Tirupathur,2023,412,103,85,44,61,28,91,225,187,40.8,SYNTHETIC_PLACEHOLDER,"Demo dispute stats for Tirupathur, 2023. Replace with real NJDG + State Revenue Dept integration."
Tirupathur,2024,353,113,59,38,32,28,83,141,212,25.8,SYNTHETIC_PLACEHOLDER,"Demo dispute stats for Tirupathur, 2024. Replace with real NJDG + State Revenue Dept integration."
Tiruppur,2019,1251,345,294,214,172,107,119,459,792,46.1,SYNTHETIC_PLACEHOLDER,"Demo dispute stats for Tiruppur, 2019. Replace with real NJDG + State Revenue Dept integration."
Tiruppur,2020,635,159,119,86,62,46,163,296,339,42.1,SYNTHETIC_PLACEHOLDER,"Demo dispute stats for Tiruppur, 2020. Replace with real NJDG + State Revenue Dept integration."
Tiruppur,2021,733,234,121,113,106,82,77,369,364,47.0,SYNTHETIC_PLACEHOLDER,"Demo dispute stats for Tiruppur, 2021. Replace with real NJDG + State Revenue Dept integration."
Tiruppur,2022,1229,347,200,137,162,113,270,532,697,41.1,SYNTHETIC_PLACEHOLDER,"Demo dispute stats for Tiruppur, 2022. Replace with real NJDG + State Revenue Dept integration."
Tiruppur,2023,982,357,214,145,132,85,49,447,535,33.2,SYNTHETIC_PLACEHOLDER,"Demo dispute stats for Tiruppur, 2023. Replace with real NJDG + State Revenue Dept integration."
Tiruppur,2024,1198,335,243,135,167,96,222,582,616,48.1,SYNTHETIC_PLACEHOLDER,"Demo dispute stats for Tiruppur, 2024. Replace with real NJDG + State Revenue Dept integration."
Tiruvallur,2019,1585,504,319,216,133,130,283,810,775,48.4,SYNTHETIC_PLACEHOLDER,"Demo dispute stats for Tiruvallur, 2019. Replace with real NJDG + State Revenue Dept integration."
Tiruvallur,2020,1474,384,283,229,173,79,326,779,695,59.4,SYNTHETIC_PLACEHOLDER,"Demo dispute stats for Tiruvallur, 2020. Replace with real NJDG + State Revenue Dept integration."
Tiruvallur,2021,1289,470,319,195,141,154,10,549,740,54.5,SYNTHETIC_PLACEHOLDER,"Demo dispute stats for Tiruvallur, 2021. Replace with real NJDG + State Revenue Dept integration."
Tiruvallur,2022,1863,502,439,203,278,144,297,699,1164,59.1,SYNTHETIC_PLACEHOLDER,"Demo dispute stats for Tiruvallur, 2022. Replace with real NJDG + State Revenue Dept integration."
Tiruvallur,2023,2033,713,415,289,279,136,201,852,1181,29.6,SYNTHETIC_PLACEHOLDER,"Demo dispute stats for Tiruvallur, 2023. Replace with real NJDG + State Revenue Dept integration."
Tiruvallur,2024,2066,707,503,353,200,113,190,968,1098,36.8,SYNTHETIC_PLACEHOLDER,"Demo dispute stats for Tiruvallur, 2024. Replace with real NJDG + State Revenue Dept integration."
Tiruvannamalai,2019,706,254,134,83,67,77,91,255,451,39.2,SYNTHETIC_PLACEHOLDER,"Demo dispute stats for Tiruvannamalai, 2019. Replace with real NJDG + State Revenue Dept integration."
Tiruvannamalai,2020,546,162,114,83,55,38,94,206,340,45.7,SYNTHETIC_PLACEHOLDER,"Demo dispute stats for Tiruvannamalai, 2020. Replace with real NJDG + State Revenue Dept integration."
Tiruvannamalai,2021,470,156,98,74,43,45,54,216,254,20.0,SYNTHETIC_PLACEHOLDER,"Demo dispute stats for Tiruvannamalai, 2021. Replace with real NJDG + State Revenue Dept integration."
Tiruvannamalai,2022,574,211,104,76,51,43,89,287,287,37.9,SYNTHETIC_PLACEHOLDER,"Demo dispute stats for Tiruvannamalai, 2022. Replace with real NJDG + State Revenue Dept integration."
Tiruvannamalai,2023,792,293,191,114,117,70,7,298,494,28.2,SYNTHETIC_PLACEHOLDER,"Demo dispute stats for Tiruvannamalai, 2023. Replace with real NJDG + State Revenue Dept integration."
Tiruvannamalai,2024,523,197,83,82,48,35,78,253,270,43.3,SYNTHETIC_PLACEHOLDER,"Demo dispute stats for Tiruvannamalai, 2024. Replace with real NJDG + State Revenue Dept integration."
Tiruvarur,2019,601,215,123,83,84,44,52,325,276,18.6,SYNTHETIC_PLACEHOLDER,"Demo dispute stats for Tiruvarur, 2019. Replace with real NJDG + State Revenue Dept integration."
Tiruvarur,2020,608,220,137,105,78,60,8,261,347,28.1,SYNTHETIC_PLACEHOLDER,"Demo dispute stats for Tiruvarur, 2020. Replace with real NJDG + State Revenue Dept integration."
Tiruvarur,2021,395,130,73,47,45,33,67,146,249,59.2,SYNTHETIC_PLACEHOLDER,"Demo dispute stats for Tiruvarur, 2021. Replace with real NJDG + State Revenue Dept integration."
Tiruvarur,2022,467,142,89,67,44,28,97,187,280,57.3,SYNTHETIC_PLACEHOLDER,"Demo dispute stats for Tiruvarur, 2022. Replace with real NJDG + State Revenue Dept integration."
Tiruvarur,2023,480,134,83,69,46,42,106,258,222,32.2,SYNTHETIC_PLACEHOLDER,"Demo dispute stats for Tiruvarur, 2023. Replace with real NJDG + State Revenue Dept integration."
Tiruvarur,2024,578,184,129,74,51,51,89,223,355,55.4,SYNTHETIC_PLACEHOLDER,"Demo dispute stats for Tiruvarur, 2024. Replace with real NJDG + State Revenue Dept integration."
Vellore,2019,778,198,182,136,98,80,84,336,442,53.4,SYNTHETIC_PLACEHOLDER,"Demo dispute stats for Vellore, 2019. Replace with real NJDG + State Revenue Dept integration."
Vellore,2020,420,118,82,44,52,48,76,223,197,45.7,SYNTHETIC_PLACEHOLDER,"Demo dispute stats for Vellore, 2020. Replace with real NJDG + State Revenue Dept integration."
Vellore,2021,353,88,71,43,52,18,81,180,173,46.3,SYNTHETIC_PLACEHOLDER,"Demo dispute stats for Vellore, 2021. Replace with real NJDG + State Revenue Dept integration."
Vellore,2022,709,274,143,84,87,47,74,298,411,51.4,SYNTHETIC_PLACEHOLDER,"Demo dispute stats for Vellore, 2022. Replace with real NJDG + State Revenue Dept integration."
Vellore,2023,429,143,106,50,54,46,30,206,223,54.0,SYNTHETIC_PLACEHOLDER,"Demo dispute stats for Vellore, 2023. Replace with real NJDG + State Revenue Dept integration."
Vellore,2024,652,199,128,98,84,36,107,338,314,45.1,SYNTHETIC_PLACEHOLDER,"Demo dispute stats for Vellore, 2024. Replace with real NJDG + State Revenue Dept integration."
Viluppuram,2019,721,277,174,85,103,70,12,334,387,29.4,SYNTHETIC_PLACEHOLDER,"Demo dispute stats for Viluppuram, 2019. Replace with real NJDG + State Revenue Dept integration."
Viluppuram,2020,1143,439,235,117,165,82,105,619,524,42.7,SYNTHETIC_PLACEHOLDER,"Demo dispute stats for Viluppuram, 2020. Replace with real NJDG + State Revenue Dept integration."
Viluppuram,2021,1044,406,187,151,124,114,62,506,538,40.7,SYNTHETIC_PLACEHOLDER,"Demo dispute stats for Viluppuram, 2021. Replace with real NJDG + State Revenue Dept integration."
Viluppuram,2022,785,255,194,81,86,85,84,328,457,50.3,SYNTHETIC_PLACEHOLDER,"Demo dispute stats for Viluppuram, 2022. Replace with real NJDG + State Revenue Dept integration."
Viluppuram,2023,1170,297,207,209,133,87,237,629,541,36.1,SYNTHETIC_PLACEHOLDER,"Demo dispute stats for Viluppuram, 2023. Replace with real NJDG + State Revenue Dept integration."
Viluppuram,2024,998,365,179,119,84,68,183,425,573,50.9,SYNTHETIC_PLACEHOLDER,"Demo dispute stats for Viluppuram, 2024. Replace with real NJDG + State Revenue Dept integration."
Virudhunagar,2019,346,92,52,43,36,23,100,130,216,25.9,SYNTHETIC_PLACEHOLDER,"Demo dispute stats for Virudhunagar, 2019. Replace with real NJDG + State Revenue Dept integration."
Virudhunagar,2020,467,123,74,67,56,48,99,244,223,18.5,SYNTHETIC_PLACEHOLDER,"Demo dispute stats for Virudhunagar, 2020. Replace with real NJDG + State Revenue Dept integration."
Virudhunagar,2021,478,184,118,69,43,36,28,180,298,30.6,SYNTHETIC_PLACEHOLDER,"Demo dispute stats for Virudhunagar, 2021. Replace with real NJDG + State Revenue Dept integration."
Virudhunagar,2022,467,136,84,75,49,54,69,230,237,38.8,SYNTHETIC_PLACEHOLDER,"Demo dispute stats for Virudhunagar, 2022. Replace with real NJDG + State Revenue Dept integration."
Virudhunagar,2023,523,154,128,66,64,55,56,217,306,32.1,SYNTHETIC_PLACEHOLDER,"Demo dispute stats for Virudhunagar, 2023. Replace with real NJDG + State Revenue Dept integration."
Virudhunagar,2024,672,181,122,118,63,48,140,364,308,58.7,SYNTHETIC_PLACEHOLDER,"Demo dispute stats for Virudhunagar, 2024. Replace with real NJDG + State Revenue Dept integration."
