doc_id,title,authors,year,abstract,full_text,topics,url
RC001,"Land-use change detection and assessment for sustainable development of peri-urban areas using remote sensing and GIS: Coimbatore City, Tamil Nadu",Multiple authors (see source),2021,"Uses Landsat-derived LULC analysis and an ANN-based GIS change-modeller to measure built-up area growth in Coimbatore's peri-urban zones across 1997, 2009 and 2017, projecting growth to 2030/2040.",,LULC change;urban growth;Coimbatore;remote sensing;ANN modelling,https://www.academia.edu/61976119/LAND_USE_CHANGE_DETECTION_AND_ASSESSMENT_FOR_SUSTAINABLE_DEVELOPMENT_OF_PERI_URBAN_AREAS_USING_REMOTE_SENSING_AND_GIS_A_CASE_STUDY_OF_COIMBATORE_CITY_TAMIL_NADU_INDIA
RC002,Urban Development in the Western Part of Tamil Nadu (Kongu Nadu Region): A Temporal Study Using LULC Change Detection Analysis,S. Mohammed Junaid,2025,"Examines urban expansion in the Kongu Nadu region (western TN) from 1985-2024 using multi-source satellite imagery, tracking impacts on agriculture, forest cover, and water bodies.",,LULC change;urbanization;Kongu Nadu;western Tamil Nadu,https://www.researchgate.net/publication/urban-development-kongu-nadu-tamil-nadu
RC003,"Analysis of land use/land cover changes using geospatial techniques in Salem district, Tamil Nadu, South India",Multiple authors (see source),2019,Uses Landsat TM/OLI imagery (1992-2015) and supervised maximum-likelihood classification to quantify LULC dynamics and agricultural/water-body loss in Salem district.,,LULC change;Salem district;geospatial techniques,https://link.springer.com/article/10.1007/s42452-019-0485-5
RC004,"A study of urban heat island effects using remote sensing and GIS techniques in Kancheepuram, Tamil Nadu, India",Multiple authors (see source),2023,"Analyzes Land Surface Temperature distribution in Kancheepuram district using Landsat imagery (1988 vs 2021) and NDVI classification, linking land-use change to urban heat island intensification.",,urban heat island;LST;NDVI;Kancheepuram;climate resilience,https://www.sciencedirect.com/science/article/abs/pii/S2212095523001918
RC005,"Land-use/cover change in Coimbatore urban area (Tamil Nadu, India) — a remote sensing and GIS-based study","P. Prabu, Mithas Ahmad Dar",2018,"Explains LULC change in Coimbatore City Corporation using Landsat ETM+/OLI, finding significant built-up area increase over 11 years and recommending green-infrastructure planning.",,LULC change;Coimbatore;built-up area;urban planning,https://www.researchgate.net/publication/326130212_Land-usecover_change_in_Coimbatore_urban_area_Tamil_Nadu_India-a_remote_sensing_and_GIS-based_study
RC006,"Long-term land use and land cover change detection and prediction using remote sensing and ML approaches (1995-2035) for Gudalur Taluk, Tamil Nadu",Multiple authors (see source),2024,Applies a CA-Markov hybrid model with GIS methods to evaluate LULC changes 1994-2024 in Gudalur Taluk (Nilgiris) and forecast trends for 2034-2044.,,LULC prediction;CA-Markov model;Gudalur;Nilgiris,https://www.researchgate.net/publication/408056278_Long-term_land_use_and_land_cover_change_detection_and_prediction_using_remote_sensing_and_ML_approaches_1995-2035_for_Gudalur_Taluk_Tamil_Nadu
RC007,"Land use/land cover change detection through remote sensing and GIS technology — St. Thomas Mount Block, Kancheepuram District, Tamil Nadu","R. Muruganandam, K. Kumaraswamy, K. Rudhravel Murthy",2011,"Compares LULC across 1973, 1991 and 2006 near Chennai, finding rapid built-up expansion and declining agricultural/forest land as urbanization spreads outward from Chennai.",,LULC change;Kancheepuram;Chennai suburban expansion,https://www.researchgate.net/publication/274716134_LAND_USELAND_COVER_CHANGE_DETECTION_THROUGH_USING_REMOTE_SENSING_AND_GIS_TECHNOLOGY_-_A_CASE_STUDY_OF_ST_THOMAS_MOUNT_BLOCK_KANCHEEPURAM_DISTRICT_TAMIL_NADU
RC008,A decadal study on land use and land cover change detection along the coastal regions of Cuddalore and Nagapattinam districts of Tamil Nadu,"Zubair Ahmad Khanday, K. Sujatha",2021,"Assesses LULC change (2000-2021) along the Cuddalore/Nagapattinam coast, linking built-up expansion and forest/mangrove change to coastal economic development.",,coastal LULC;Cuddalore;Nagapattinam;mangrove,https://www.researchgate.net/publication/378856903_A_DECADAL_STUDY_ON_LAND_USE_AND_LAND_COVER_CHANGE_DETECTION_ALONG_THE_COASTAL_REGIONS_OF_CUDDALORE_AND_NAGAPATTINAM_DISTRICTS_OF_TAMIL_NADU_INDIA_USING_REMOTE_SENSING_AND_GIS
RC009,Study Report on Quality of Land Records in Tamil Nadu,Government-commissioned study,2025,"Field-based assessment of DILRMP implementation in Tamil Nadu, covering the 'Tamil Nilam' portal, taluk-level computerization progress, and remaining gaps (Aadhaar authentication, citizen awareness).",,DILRMP;land records quality;Tamil Nilam;digitization,https://cdnbbsr.s3waas.gov.in/s3d69116f8b0140cdeb1f99a4d5096ffe4/uploads/2025/07/20250730485426630.pdf
RC010,Challenges and improvements on digitalization of land records (India),"School of Law, Joy University, Tirunelveli, Tamil Nadu",2026,"Legal-studies perspective on India's digital land records initiative, examining accuracy, security and access improvements, with reference to Tamil Nadu.",,land records digitization;legal analysis;DILRMP,https://www.lawjournals.org/assets/archives/2026/vol12issue2/12144.pdf
RC011,"Land use/land cover changes of Noyyal watershed in Coimbatore district, India, mapped using remote sensing techniques",Multiple authors (see source),2022,Produces LULC maps and change-detection analysis of the Noyyal watershed (Coimbatore) over an 18-year period using remote sensing and GIS.,,Noyyal watershed;Coimbatore;LULC change;remote sensing,https://link.springer.com/article/10.1007/s11356-022-18707-z
RC012,"Assessment of Land Use/Land Cover Changes in Noyyal River Basin, Tamil Nadu, India: A case study using Geospatial techniques",Multiple authors (see source),2018,"Change-detection analysis (2001-2018) of built-up, agricultural, water body and forest land in the Noyyal river basin using visual interpretation of satellite imagery.",,Noyyal river basin;LULC change;built-up land,https://www.trp.org.in/wp-content/uploads/2018/08/ARSS-Vol.7-No.2-July-September-2018-pp.19-21.pdf
RC013,"Environmental Impact Assessment on Noyyal River Basin, Special Reference to Water Quality",Multiple authors (see source),2020,"EIA case study of the Noyyal river basin (Coimbatore, Erode, Karur districts), examining industrial effluent impact on water quality from textile/dyeing industries around Tiruppur.",,Noyyal basin;water quality;textile industry pollution;Tiruppur,https://www.ijraset.com/research-paper/noyyal-river-basin-special-reference-to-water-quality
RC014,"Investigating the impact of land use land cover change on groundwater level dynamics in the Koraiyar watershed, Coimbatore District, Tamil Nadu, India","Naik SRS, Masilamani P, Kushawaha J, Jahangeer J",2024,"Uses LISS-III/IV and Landsat-8 OLI imagery (2000, 2011, 2020) to link LULC change to declining groundwater levels and wet-crop area loss in the Koraiyar watershed, Coimbatore.",,groundwater;LULC change;Coimbatore;Koraiyar watershed,https://www.frontiersin.org/journals/water/articles/10.3389/frwa.2024.1339613/full
RC015,"Groundwater Storage and Depletion Trends in Tamil Nadu State, India","P. Chinnasamy, G. Agoramoorthy",2015,"Uses NASA GRACE satellite gravimetry and GLDAS data (2002-2012) to quantify statewide groundwater depletion in Tamil Nadu at 21.4 km3/yr, exceeding the annual recharge rate by 8%.",,groundwater depletion;statewide;GRACE satellite;irrigation,https://link.springer.com/article/10.1007/s11269-015-0932-z
RC016,"Groundwater sustainability indicators in parts of Tiruppur and Coimbatore districts, Tamil Nadu","S. Anbazhagan, A. Jothibasu",2016,"Develops groundwater sustainability indicators for Tiruppur and Coimbatore districts, relevant to assessing agricultural vs. industrial water-use tradeoffs in the region.",,groundwater sustainability;Tiruppur;Coimbatore,https://link.springer.com/content/pdf/10.1007/s12594-016-0384-y.pdf
RC017,"Land Use and Land Cover Changes and Its Implications on Groundwater Quality in Perambalur District, Tamil Nadu",Multiple authors (see source),2024,Analyzes LULC dynamics along national/state highways in Perambalur/Tiruchirappalli region (1995-2025 projected) and their implications for groundwater quality.,,LULC change;groundwater quality;Perambalur;Tiruchirappalli,https://www.researchgate.net/publication/387500698_Land_Use_and_Land_Cover_Changes_and_Its_Implications_on_Groundwater_Quality_in_Perambalur_District_Tamil_Nadu
RC018,Assessing Groundwater Depletion in Southern India as a Function of Urbanization and Change in Hydrology: A Threat to Tank Irrigation in Madurai City,Multiple authors (see source),2022,"Shows surface runoff reaching 86% of rainfall in urbanized Madurai vs ~70% in rural areas, and declining discharge into traditional irrigation tanks due to urbanization and erratic rainfall.",,groundwater depletion;urbanization;Madurai;tank irrigation,https://link.springer.com/chapter/10.1007/978-981-16-5501-2_24
RC019,Spatiotemporal assessment and simulation of land use and land cover dynamics in coastal Tamil Nadu using CA-ANN modelling for sustainable development planning,Multiple authors (see source),2025,"Projects built-up area growth of over 154% (2017-2053) in coastal delta taluks of Tamil Nadu using Sentinel-2 data and a CA-ANN model, with accuracy validated 88-92% via Kappa statistics; also flags limitations of NDVI-based ecological assessment.",,coastal LULC;CA-ANN model;Sentinel-2;delta taluks;NDVI limitations,https://www.sciencedirect.com/science/article/pii/S2590123025038241
