fact_id,category,district,statement,source,source_url,verified
SOCIO_THIRUVALLUR,socioeconomic,Thiruvallur,"Thiruvallur district had a population of 3,728,104 (Census 2011), population density of 1137.6 people/sq km, urban ratio of 65.41%, and literacy rate of 74.88%.","Census of India 2011, Primary Census Abstract",https://github.com/nishusharma1608/India-Census-2011-Analysis,True
SOCIO_CHENNAI,socioeconomic,Chennai,"Chennai district had a population of 4,646,732 (Census 2011), population density of 35944.3 people/sq km, urban ratio of 100.0%, and literacy rate of 81.27%.","Census of India 2011, Primary Census Abstract",https://github.com/nishusharma1608/India-Census-2011-Analysis,True
SOCIO_KANCHEEPURAM,socioeconomic,Kancheepuram,"Kancheepuram district had a population of 3,998,252 (Census 2011), population density of 859.4 people/sq km, urban ratio of 63.84%, and literacy rate of 75.37%.","Census of India 2011, Primary Census Abstract",https://github.com/nishusharma1608/India-Census-2011-Analysis,True
SOCIO_VELLORE,socioeconomic,Vellore,"Vellore district had a population of 3,936,331 (Census 2011), population density of 644.6 people/sq km, urban ratio of 42.69%, and literacy rate of 70.47%.","Census of India 2011, Primary Census Abstract",https://github.com/nishusharma1608/India-Census-2011-Analysis,True
SOCIO_TIRUVANNAMALAI,socioeconomic,Tiruvannamalai,"Tiruvannamalai district had a population of 2,464,875 (Census 2011), population density of 396.0 people/sq km, urban ratio of 20.71%, and literacy rate of 66.0%.","Census of India 2011, Primary Census Abstract",https://github.com/nishusharma1608/India-Census-2011-Analysis,True
SOCIO_VILUPPURAM,socioeconomic,Viluppuram,"Viluppuram district had a population of 3,458,873 (Census 2011), population density of 478.3 people/sq km, urban ratio of 16.47%, and literacy rate of 63.48%.","Census of India 2011, Primary Census Abstract",https://github.com/nishusharma1608/India-Census-2011-Analysis,True
SOCIO_SALEM,socioeconomic,Salem,"Salem district had a population of 3,482,056 (Census 2011), population density of 663.2 people/sq km, urban ratio of 51.06%, and literacy rate of 65.64%.","Census of India 2011, Primary Census Abstract",https://github.com/nishusharma1608/India-Census-2011-Analysis,True
SOCIO_NAMAKKAL,socioeconomic,Namakkal,"Namakkal district had a population of 1,726,601 (Census 2011), population density of 503.8 people/sq km, urban ratio of 40.98%, and literacy rate of 68.12%.","Census of India 2011, Primary Census Abstract",https://github.com/nishusharma1608/India-Census-2011-Analysis,True
SOCIO_ERODE,socioeconomic,Erode,"Erode district had a population of 2,251,744 (Census 2011), population density of 388.3 people/sq km, urban ratio of 51.25%, and literacy rate of 66.29%.","Census of India 2011, Primary Census Abstract",https://github.com/nishusharma1608/India-Census-2011-Analysis,True
SOCIO_THE_NILGIRIS,socioeconomic,The Nilgiris,"The Nilgiris district had a population of 735,394 (Census 2011), population density of 286.1 people/sq km, urban ratio of 57.54%, and literacy rate of 77.46%.","Census of India 2011, Primary Census Abstract",https://github.com/nishusharma1608/India-Census-2011-Analysis,True
SOCIO_DINDIGUL,socioeconomic,Dindigul,"Dindigul district had a population of 2,159,775 (Census 2011), population density of 353.5 people/sq km, urban ratio of 37.8%, and literacy rate of 68.61%.","Census of India 2011, Primary Census Abstract",https://github.com/nishusharma1608/India-Census-2011-Analysis,True
SOCIO_KARUR,socioeconomic,Karur,"Karur district had a population of 1,064,493 (Census 2011), population density of 365.5 people/sq km, urban ratio of 41.8%, and literacy rate of 68.3%.","Census of India 2011, Primary Census Abstract",https://github.com/nishusharma1608/India-Census-2011-Analysis,True
SOCIO_TIRUCHIRAPPALLI,socioeconomic,Tiruchirappalli,"Tiruchirappalli district had a population of 2,722,290 (Census 2011), population density of 599.8 people/sq km, urban ratio of 48.31%, and literacy rate of 74.9%.","Census of India 2011, Primary Census Abstract",https://github.com/nishusharma1608/India-Census-2011-Analysis,True
SOCIO_PERAMBALUR,socioeconomic,Perambalur,"Perambalur district had a population of 565,223 (Census 2011), population density of 320.3 people/sq km, urban ratio of 17.59%, and literacy rate of 66.49%.","Census of India 2011, Primary Census Abstract",https://github.com/nishusharma1608/India-Census-2011-Analysis,True
SOCIO_ARIYALUR,socioeconomic,Ariyalur,"Ariyalur district had a population of 754,894 (Census 2011), population density of 384.4 people/sq km, urban ratio of 11.92%, and literacy rate of 63.67%.","Census of India 2011, Primary Census Abstract",https://github.com/nishusharma1608/India-Census-2011-Analysis,True
SOCIO_CUDDALORE,socioeconomic,Cuddalore,"Cuddalore district had a population of 2,605,914 (Census 2011), population density of 699.7 people/sq km, urban ratio of 34.39%, and literacy rate of 69.66%.","Census of India 2011, Primary Census Abstract",https://github.com/nishusharma1608/India-Census-2011-Analysis,True
SOCIO_THIRUVARUR,socioeconomic,Thiruvarur,"Thiruvarur district had a population of 1,264,277 (Census 2011), population density of 552.8 people/sq km, urban ratio of 21.28%, and literacy rate of 74.86%.","Census of India 2011, Primary Census Abstract",https://github.com/nishusharma1608/India-Census-2011-Analysis,True
SOCIO_THANJAVUR,socioeconomic,Thanjavur,"Thanjavur district had a population of 2,405,890 (Census 2011), population density of 704.5 people/sq km, urban ratio of 36.41%, and literacy rate of 74.44%.","Census of India 2011, Primary Census Abstract",https://github.com/nishusharma1608/India-Census-2011-Analysis,True
SOCIO_PUDUKKOTTAI,socioeconomic,Pudukkottai,"Pudukkottai district had a population of 1,618,345 (Census 2011), population density of 345.3 people/sq km, urban ratio of 20.68%, and literacy rate of 68.62%.","Census of India 2011, Primary Census Abstract",https://github.com/nishusharma1608/India-Census-2011-Analysis,True
SOCIO_SIVAGANGA,socioeconomic,Sivaganga,"Sivaganga district had a population of 1,339,101 (Census 2011), population density of 312.8 people/sq km, urban ratio of 31.65%, and literacy rate of 71.67%.","Census of India 2011, Primary Census Abstract",https://github.com/nishusharma1608/India-Census-2011-Analysis,True
SOCIO_MADURAI,socioeconomic,Madurai,"Madurai district had a population of 3,038,252 (Census 2011), population density of 816.8 people/sq km, urban ratio of 58.66%, and literacy rate of 74.83%.","Census of India 2011, Primary Census Abstract",https://github.com/nishusharma1608/India-Census-2011-Analysis,True
SOCIO_THENI,socioeconomic,Theni,"Theni district had a population of 1,245,899 (Census 2011), population density of 433.9 people/sq km, urban ratio of 53.89%, and literacy rate of 69.84%.","Census of India 2011, Primary Census Abstract",https://github.com/nishusharma1608/India-Census-2011-Analysis,True
SOCIO_RAMANATHAPURAM,socioeconomic,Ramanathapuram,"Ramanathapuram district had a population of 1,353,445 (Census 2011), population density of 340.7 people/sq km, urban ratio of 30.38%, and literacy rate of 72.33%.","Census of India 2011, Primary Census Abstract",https://github.com/nishusharma1608/India-Census-2011-Analysis,True
SOCIO_THOOTHUKKUDI,socioeconomic,Thoothukkudi,"Thoothukkudi district had a population of 1,750,176 (Census 2011), population density of 375.4 people/sq km, urban ratio of 47.22%, and literacy rate of 77.12%.","Census of India 2011, Primary Census Abstract",https://github.com/nishusharma1608/India-Census-2011-Analysis,True
SOCIO_TIRUNELVELI,socioeconomic,Tirunelveli,"Tirunelveli district had a population of 3,077,233 (Census 2011), population density of 449.6 people/sq km, urban ratio of 48.53%, and literacy rate of 73.88%.","Census of India 2011, Primary Census Abstract",https://github.com/nishusharma1608/India-Census-2011-Analysis,True
SOCIO_KANNIYAKUMARI,socioeconomic,Kanniyakumari,"Kanniyakumari district had a population of 1,870,374 (Census 2011), population density of 1099.8 people/sq km, urban ratio of 82.57%, and literacy rate of 82.8%.","Census of India 2011, Primary Census Abstract",https://github.com/nishusharma1608/India-Census-2011-Analysis,True
SOCIO_DHARMAPURI,socioeconomic,Dharmapuri,"Dharmapuri district had a population of 1,506,843 (Census 2011), population density of 331.5 people/sq km, urban ratio of 18.67%, and literacy rate of 60.9%.","Census of India 2011, Primary Census Abstract",https://github.com/nishusharma1608/India-Census-2011-Analysis,True
SOCIO_KRISHNAGIRI,socioeconomic,Krishnagiri,"Krishnagiri district had a population of 1,879,809 (Census 2011), population density of 363.3 people/sq km, urban ratio of 24.56%, and literacy rate of 63.2%.","Census of India 2011, Primary Census Abstract",https://github.com/nishusharma1608/India-Census-2011-Analysis,True
SOCIO_COIMBATORE,socioeconomic,Coimbatore,"Coimbatore district had a population of 3,458,045 (Census 2011), population density of 738.3 people/sq km, urban ratio of 75.65%, and literacy rate of 76.23%.","Census of India 2011, Primary Census Abstract",https://github.com/nishusharma1608/India-Census-2011-Analysis,True
SOCIO_TIRUPPUR,socioeconomic,Tiruppur,"Tiruppur district had a population of 2,479,052 (Census 2011), population density of 473.4 people/sq km, urban ratio of 60.12%, and literacy rate of 71.02%.","Census of India 2011, Primary Census Abstract",https://github.com/nishusharma1608/India-Census-2011-Analysis,True
SOCIO_VIRUDHUNAGAR,socioeconomic,Virudhunagar,"Virudhunagar district had a population of 1,942,288 (Census 2011), population density of 458.0 people/sq km, urban ratio of 50.47%, and literacy rate of 80.15%.","Census of India 2011, Primary Census Abstract",https://www.census2011.co.in/census/district/47-virudhunagar.html,True
SOCIO_NAGAPATTINAM,socioeconomic,Nagapattinam,"Nagapattinam district had a population of 1,616,450 (Census 2011), population density of 629.0 people/sq km, urban ratio of 22.56%, and literacy rate of 83.59%.","Census of India 2011, Primary Census Abstract",https://www.census2011.co.in/census/district/40-nagapattinam.html,True
CLIMATE_TN_MONSOON_PATTERN,climate,Tamil Nadu (statewide),"Tamil Nadu's rainfall climatology (IMD data, 1901-2015) shows the Northeast Monsoon (October-December) as the dominant rainy season, not the Southwest Monsoon that dominates most of India. The highest average monthly rainfall is in October (183.2 mm), followed by November (176.9 mm). This is a critical distinction from the rest of India when discussing seasonal water availability or drought risk.","IMD subdivision-wise rainfall data, 1901-2015",https://github.com/chandanverma07/DataSets,True
CLIMATE_TN_RECENT_VARIABILITY_2006-2015,climate,Tamil Nadu (statewide),"Between 2006-2015, Tamil Nadu's annual rainfall total (IMD subdivision data) ranged from a low of 636.2 mm in 2012 to a high of 1204.6 mm in 2015, illustrating significant year-to-year variability relevant to drought/flood risk planning.","IMD subdivision-wise rainfall data, 1901-2015",https://github.com/chandanverma07/DataSets,True
RC001,research_paper,,"[2021] Land-use change detection and assessment for sustainable development of peri-urban areas using remote sensing and GIS: Coimbatore City, Tamil Nadu. Uses Landsat-derived LULC analysis and an ANN-based GIS change-modeller to measure built-up area growth in Coimbatore's peri-urban zones across 1997, 2009 and 2017, projecting growth to 2030/2040.",Multiple authors (see source),https://www.academia.edu/61976119/LAND_USE_CHANGE_DETECTION_AND_ASSESSMENT_FOR_SUSTAINABLE_DEVELOPMENT_OF_PERI_URBAN_AREAS_USING_REMOTE_SENSING_AND_GIS_A_CASE_STUDY_OF_COIMBATORE_CITY_TAMIL_NADU_INDIA,True
RC002,research_paper,,"[2025] Urban Development in the Western Part of Tamil Nadu (Kongu Nadu Region): A Temporal Study Using LULC Change Detection Analysis. Examines urban expansion in the Kongu Nadu region (western TN) from 1985-2024 using multi-source satellite imagery, tracking impacts on agriculture, forest cover, and water bodies.",S. Mohammed Junaid,https://www.researchgate.net/publication/urban-development-kongu-nadu-tamil-nadu,True
RC003,research_paper,,"[2019] Analysis of land use/land cover changes using geospatial techniques in Salem district, Tamil Nadu, South India. Uses Landsat TM/OLI imagery (1992-2015) and supervised maximum-likelihood classification to quantify LULC dynamics and agricultural/water-body loss in Salem district.",Multiple authors (see source),https://link.springer.com/article/10.1007/s42452-019-0485-5,True
RC004,research_paper,,"[2023] A study of urban heat island effects using remote sensing and GIS techniques in Kancheepuram, Tamil Nadu, India. Analyzes Land Surface Temperature distribution in Kancheepuram district using Landsat imagery (1988 vs 2021) and NDVI classification, linking land-use change to urban heat island intensification.",Multiple authors (see source),https://www.sciencedirect.com/science/article/abs/pii/S2212095523001918,True
RC005,research_paper,,"[2018] Land-use/cover change in Coimbatore urban area (Tamil Nadu, India) — a remote sensing and GIS-based study. Explains LULC change in Coimbatore City Corporation using Landsat ETM+/OLI, finding significant built-up area increase over 11 years and recommending green-infrastructure planning.","P. Prabu, Mithas Ahmad Dar",https://www.researchgate.net/publication/326130212_Land-usecover_change_in_Coimbatore_urban_area_Tamil_Nadu_India-a_remote_sensing_and_GIS-based_study,True
RC006,research_paper,,"[2024] Long-term land use and land cover change detection and prediction using remote sensing and ML approaches (1995-2035) for Gudalur Taluk, Tamil Nadu. Applies a CA-Markov hybrid model with GIS methods to evaluate LULC changes 1994-2024 in Gudalur Taluk (Nilgiris) and forecast trends for 2034-2044.",Multiple authors (see source),https://www.researchgate.net/publication/408056278_Long-term_land_use_and_land_cover_change_detection_and_prediction_using_remote_sensing_and_ML_approaches_1995-2035_for_Gudalur_Taluk_Tamil_Nadu,True
RC007,research_paper,,"[2011] Land use/land cover change detection through remote sensing and GIS technology — St. Thomas Mount Block, Kancheepuram District, Tamil Nadu. Compares LULC across 1973, 1991 and 2006 near Chennai, finding rapid built-up expansion and declining agricultural/forest land as urbanization spreads outward from Chennai.","R. Muruganandam, K. Kumaraswamy, K. Rudhravel Murthy",https://www.researchgate.net/publication/274716134_LAND_USELAND_COVER_CHANGE_DETECTION_THROUGH_USING_REMOTE_SENSING_AND_GIS_TECHNOLOGY_-_A_CASE_STUDY_OF_ST_THOMAS_MOUNT_BLOCK_KANCHEEPURAM_DISTRICT_TAMIL_NADU,True
RC008,research_paper,,"[2021] A decadal study on land use and land cover change detection along the coastal regions of Cuddalore and Nagapattinam districts of Tamil Nadu. Assesses LULC change (2000-2021) along the Cuddalore/Nagapattinam coast, linking built-up expansion and forest/mangrove change to coastal economic development.","Zubair Ahmad Khanday, K. Sujatha",https://www.researchgate.net/publication/378856903_A_DECADAL_STUDY_ON_LAND_USE_AND_LAND_COVER_CHANGE_DETECTION_ALONG_THE_COASTAL_REGIONS_OF_CUDDALORE_AND_NAGAPATTINAM_DISTRICTS_OF_TAMIL_NADU_INDIA_USING_REMOTE_SENSING_AND_GIS,True
RC009,research_paper,,"[2025] Study Report on Quality of Land Records in Tamil Nadu. Field-based assessment of DILRMP implementation in Tamil Nadu, covering the 'Tamil Nilam' portal, taluk-level computerization progress, and remaining gaps (Aadhaar authentication, citizen awareness).",Government-commissioned study,https://cdnbbsr.s3waas.gov.in/s3d69116f8b0140cdeb1f99a4d5096ffe4/uploads/2025/07/20250730485426630.pdf,True
RC010,research_paper,,"[2026] Challenges and improvements on digitalization of land records (India). Legal-studies perspective on India's digital land records initiative, examining accuracy, security and access improvements, with reference to Tamil Nadu.","School of Law, Joy University, Tirunelveli, Tamil Nadu",https://www.lawjournals.org/assets/archives/2026/vol12issue2/12144.pdf,True
RC011,research_paper,,"[2022] Land use/land cover changes of Noyyal watershed in Coimbatore district, India, mapped using remote sensing techniques. Produces LULC maps and change-detection analysis of the Noyyal watershed (Coimbatore) over an 18-year period using remote sensing and GIS.",Multiple authors (see source),https://link.springer.com/article/10.1007/s11356-022-18707-z,True
RC012,research_paper,,"[2018] Assessment of Land Use/Land Cover Changes in Noyyal River Basin, Tamil Nadu, India: A case study using Geospatial techniques. Change-detection analysis (2001-2018) of built-up, agricultural, water body and forest land in the Noyyal river basin using visual interpretation of satellite imagery.",Multiple authors (see source),https://www.trp.org.in/wp-content/uploads/2018/08/ARSS-Vol.7-No.2-July-September-2018-pp.19-21.pdf,True
RC013,research_paper,,"[2020] Environmental Impact Assessment on Noyyal River Basin, Special Reference to Water Quality. EIA case study of the Noyyal river basin (Coimbatore, Erode, Karur districts), examining industrial effluent impact on water quality from textile/dyeing industries around Tiruppur.",Multiple authors (see source),https://www.ijraset.com/research-paper/noyyal-river-basin-special-reference-to-water-quality,True
RC014,research_paper,,"[2024] Investigating the impact of land use land cover change on groundwater level dynamics in the Koraiyar watershed, Coimbatore District, Tamil Nadu, India. Uses LISS-III/IV and Landsat-8 OLI imagery (2000, 2011, 2020) to link LULC change to declining groundwater levels and wet-crop area loss in the Koraiyar watershed, Coimbatore.","Naik SRS, Masilamani P, Kushawaha J, Jahangeer J",https://www.frontiersin.org/journals/water/articles/10.3389/frwa.2024.1339613/full,True
RC015,research_paper,,"[2015] Groundwater Storage and Depletion Trends in Tamil Nadu State, India. Uses NASA GRACE satellite gravimetry and GLDAS data (2002-2012) to quantify statewide groundwater depletion in Tamil Nadu at 21.4 km3/yr, exceeding the annual recharge rate by 8%.","P. Chinnasamy, G. Agoramoorthy",https://link.springer.com/article/10.1007/s11269-015-0932-z,True
RC016,research_paper,,"[2016] Groundwater sustainability indicators in parts of Tiruppur and Coimbatore districts, Tamil Nadu. Develops groundwater sustainability indicators for Tiruppur and Coimbatore districts, relevant to assessing agricultural vs. industrial water-use tradeoffs in the region.","S. Anbazhagan, A. Jothibasu",https://link.springer.com/content/pdf/10.1007/s12594-016-0384-y.pdf,True
RC017,research_paper,,"[2024] Land Use and Land Cover Changes and Its Implications on Groundwater Quality in Perambalur District, Tamil Nadu. Analyzes LULC dynamics along national/state highways in Perambalur/Tiruchirappalli region (1995-2025 projected) and their implications for groundwater quality.",Multiple authors (see source),https://www.researchgate.net/publication/387500698_Land_Use_and_Land_Cover_Changes_and_Its_Implications_on_Groundwater_Quality_in_Perambalur_District_Tamil_Nadu,True
RC018,research_paper,,"[2022] Assessing Groundwater Depletion in Southern India as a Function of Urbanization and Change in Hydrology: A Threat to Tank Irrigation in Madurai City. Shows surface runoff reaching 86% of rainfall in urbanized Madurai vs ~70% in rural areas, and declining discharge into traditional irrigation tanks due to urbanization and erratic rainfall.",Multiple authors (see source),https://link.springer.com/chapter/10.1007/978-981-16-5501-2_24,True
RC019,research_paper,,"[2025] Spatiotemporal assessment and simulation of land use and land cover dynamics in coastal Tamil Nadu using CA-ANN modelling for sustainable development planning. Projects built-up area growth of over 154% (2017-2053) in coastal delta taluks of Tamil Nadu using Sentinel-2 data and a CA-ANN model, with accuracy validated 88-92% via Kappa statistics; also flags limitations of NDVI-based ecological assessment.",Multiple authors (see source),https://www.sciencedirect.com/science/article/pii/S2590123025038241,True
PC001,policy_document,,"[1971] The Tamil Nadu Town and Country Planning Act, 1971 — Jurisdiction: Tamil Nadu (State). Sector: Land use planning; urban/rural development; land acquisition. Status: Active.",Tamil Nadu (State),https://www.tn.gov.in/tcp/acts_rules/Town_Country_Planning_Act_1971.pdf,True
PC002,policy_document,,"[1971] The Tamil Nadu Town and Country Planning Act, 1971 (official CMDA copy) — Jurisdiction: Tamil Nadu (State) — Chennai Metropolitan Development Authority. Sector: Land use planning; master plans; zoning. Status: Active.",Tamil Nadu (State) — Chennai Metropolitan Development Authority,https://www.cmdachennai.gov.in/pdfs/tntcp_act.pdf,True
PC003,policy_document,,"[2016] Digital India Land Records Modernization Programme (DILRMP) Guidelines, April 2016 — Jurisdiction: Central Government of India — Department of Land Resources, Ministry of Rural Development. Sector: Land records digitization; cadastral survey; registration integration. Status: Active (restructured as Central Sector Scheme, 100% central funding).","Central Government of India — Department of Land Resources, Ministry of Rural Development",https://cdnbbsr.s3waas.gov.in/s3d69116f8b0140cdeb1f99a4d5096ffe4/uploads/2024/02/202402211528939328.pdf,True
PC004,policy_document,,"[2021] Guidelines of DILRMP (2021-2026) — Jurisdiction: Central Government of India — Department of Land Resources, Ministry of Rural Development. Sector: Land records digitization; survey/resurvey; GIS integration. Status: Active.","Central Government of India — Department of Land Resources, Ministry of Rural Development",https://landrevenue.rajasthan.gov.in/content/dam/landrevenue/settlementdepartment/pdffolder/Scheme%20and%20Section/DILRMP/Final%20Guidelines%20of%20DILRMP%202021-26.pdf,True
PC005,policy_document,,"[2026] DILRMP-MIS Portal (Monitoring Information System) — State/UT progress data — Jurisdiction: Central Government of India — Department of Land Resources, Ministry of Rural Development. Sector: Land records digitization; programme monitoring. Status: Active — verified live, returns real state/UT progress data.","Central Government of India — Department of Land Resources, Ministry of Rural Development",https://dilrmp.gov.in/,True
PC006,policy_document,,"[1969] The Tamil Nadu Agricultural Lands Record of Tenancy Rights Act, 1969 (Act No. 10 of 1969) — Jurisdiction: Tamil Nadu (State). Sector: Agricultural tenancy; land tenure records; farmer rights. Status: Active.",Tamil Nadu (State),https://indiankanoon.org/doc/134826762/,True
PC007,policy_document,,"[1961] The Tamil Nadu Land Reforms (Fixation of Ceiling on Land) Act, 1961 (Act No. 58 of 1961) — Jurisdiction: Tamil Nadu (State). Sector: Land ceiling; land redistribution; agrarian reform. Status: Active.",Tamil Nadu (State),https://www.indiacode.nic.in/handle/123456789/20463?locale=en,True
PC008,policy_document,,"[1961] The Tamil Nadu Land Reforms (Fixation of Ceiling on Land) Act, 1961 (PRS Legislative Research official copy) — Jurisdiction: Tamil Nadu (State). Sector: Land ceiling; land redistribution; agrarian reform. Status: Active.",Tamil Nadu (State),https://prsindia.org/files/bills_acts/acts_states/tamil-nadu/1961/1961TN58.pdf,True
GAP_SATELLITE_COVERAGE,known_gap,,"Real Sentinel-2 derived NDVI/NDWI/NDBI zonal statistics currently exist ONLY for Coimbatore district (from the tn_satellite_indices_pipeline.py run). No real satellite index data exists for any other Tamil Nadu district (including Erode, Tiruppur, Chennai, Madurai, etc.) until the pipeline is re-run with PILOT_DISTRICT_ONLY=None for full-state coverage. Any system answering a question about NDVI/NDWI/NDBI for a district other than Coimbatore MUST say data is not yet available for that district, and must NOT generate a plausible-sounding number.",Internal pipeline configuration audit,,True
GAP_CADASTRAL_SYNTHETIC,known_gap,,"Cadastral/parcel-level data (survey_no, owner_type, land_use, dispute_status) in this platform is SYNTHETIC — randomly generated for demo purposes, not real land records. No open bulk cadastral dataset exists in India; real records sit in state Revenue Department systems (e.g., Tamil Nadu Patta Chitta / e-Sevai) and are not publicly downloadable. Any answer referencing specific parcel-level ownership or dispute status must be labeled as illustrative/demo data, never presented as real.",Internal data audit,,True
GAP_LAND_DISPUTES_SYNTHETIC,known_gap,,"District-level land dispute counts and statistics in this platform are SYNTHETIC (randomly generated, Poisson-distributed placeholder data), not derived from real case records. The closest real source, India's National Judicial Data Grid (njdg.ecourts.gov.in), does not provide a bulk-downloadable 'land dispute' category. Any answer citing specific land dispute numbers must be labeled as illustrative/demo data.",Internal data audit,,True
GAP_DISTRICT_BOUNDARY_VINTAGE,known_gap,,"Two different administrative boundary vintages exist in this project's data history: a 32-district/216-taluk version (2011 Census-era) and a 38-district/76-taluk version (post-2011 splits e.g. Chengalpattu, Ranipet, Tenkasi, Kallakurichi, Tirupathur, Mayiladuthurai). These MUST NOT be mixed in a single join or comparison without explicit reconciliation, as district boundaries and counts differ between the two.",Internal data audit,,True
